congestion_detection_starttime	congestion_detection_finishtime	numPeoplePerSec_ave	numPeoplePerSec_max	numPeoplePerSec_min	staytime_ave	staytime_max	staytime_min	human_unique_count
2020/01/17 14:57:00	2020/01/17 14:58:00	17.083333333333332	20	14	26.973684210526315	59	1	38
2020/01/17 14:58:00	2020/01/17 14:59:00	13.483333333333333	19	12	22.47222222222222	59	1	36
2020/01/17 14:59:00	2020/01/17 15:00:00	3.966666666666667	15	10	11.9	19	1	20
2020/01/17 15:00:00	2020/01/17 15:01:00	14.633333333333333	19	11	22.512820512820515	59	1	39
2020/01/17 15:01:00	2020/01/17 15:02:00	15.05	19	13	23.763157894736842	60	1	38
2020/01/17 15:02:00	2020/01/17 15:03:00	19.7	26	14	24.625	59	5	48
2020/01/17 15:03:00	2020/01/17 15:04:00	19.4	21	16	22.384615384615383	60	1	52
2020/01/17 15:04:00	2020/01/17 15:05:00	19.216666666666665	22	16	20.963636363636365	60	2	55
2020/01/17 15:05:00	2020/01/17 15:06:00	15.366666666666667	21	12	27.11764705882353	59	2	34
2020/01/17 15:06:00	2020/01/17 15:07:00	13.866666666666667	18	12	27.733333333333334	60	3	30
2020/01/17 15:07:00	2020/01/17 15:08:00	13.083333333333334	17	11	28.035714285714285	60	1	28
2020/01/17 15:08:00	2020/01/17 15:09:00	11.2	13	9	29.217391304347824	59	3	23
2020/01/17 15:09:00	2020/01/17 15:10:00	11.933333333333334	14	10	25.571428571428573	59	2	28
2020/01/17 15:10:00	2020/01/17 15:11:00	13.35	16	11	36.40909090909091	60	5	22
2020/01/17 15:11:00	2020/01/17 15:12:00	11.283333333333333	15	10	19.34285714285714	59	1	35
2020/01/17 15:12:00	2020/01/17 15:13:00	12.35	15	9	25.551724137931036	60	2	29
2020/01/17 15:13:00	2020/01/17 15:14:00	12.833333333333334	15	11	24.838709677419356	60	1	31
2020/01/17 15:14:00	2020/01/17 15:15:00	15.05	18	12	28.21875	60	1	32
2020/01/17 15:15:00	2020/01/17 15:16:00	14.433333333333334	16	13	27.0625	59	1	32
2020/01/17 15:16:00	2020/01/17 15:17:00	12.5	15	10	21.428571428571427	60	2	35
2020/01/17 15:17:00	2020/01/17 15:18:00	12.666666666666666	16	10	29.23076923076923	59	5	26
2020/01/17 15:18:00	2020/01/17 15:19:00	12.166666666666666	14	10	33.18181818181818	60	1	22
2020/01/17 15:19:00	2020/01/17 15:20:00	14.933333333333334	18	12	26.352941176470587	60	5	34
2020/01/17 15:20:00	2020/01/17 15:21:00	12.533333333333333	16	10	23.5	59	3	32
2020/01/17 15:21:00	2020/01/17 15:22:00	11.6	14	10	31.636363636363637	60	1	22
2020/01/17 15:22:00	2020/01/17 15:23:00	12.716666666666667	16	10	30.52	60	1	25
2020/01/17 15:23:00	2020/01/17 15:24:00	12.766666666666667	14	10	30.64	60	5	25
2020/01/17 15:24:00	2020/01/17 15:25:00	13.166666666666666	15	12	29.25925925925926	59	4	27
2020/01/17 15:25:00	2020/01/17 15:26:00	14.416666666666666	16	12	30.892857142857142	60	1	28
2020/01/17 15:26:00	2020/01/17 15:27:00	15.45	18	14	28.96875	60	2	32
2020/01/17 15:27:00	2020/01/17 15:28:00	13.733333333333333	19	11	24.235294117647058	59	1	34
2020/01/17 15:28:00	2020/01/17 15:29:00	13.216666666666667	16	10	27.344827586206897	60	5	29
2020/01/17 15:29:00	2020/01/17 15:30:00	13.933333333333334	16	11	22.0	60	1	38
2020/01/17 15:30:00	2020/01/17 15:31:00	13.3	16	10	24.9375	59	3	32
2020/01/17 15:31:00	2020/01/17 15:32:00	12.866666666666667	15	11	29.692307692307693	60	1	26
2020/01/17 15:32:00	2020/01/17 15:33:00	13.266666666666667	16	11	26.533333333333335	60	1	30
2020/01/17 15:33:00	2020/01/17 15:34:00	15.016666666666667	17	13	34.65384615384615	59	1	26
2020/01/17 15:34:00	2020/01/17 15:35:00	15.033333333333333	16	13	34.69230769230769	60	5	26
2020/01/17 15:35:00	2020/01/17 15:36:00	13.783333333333333	15	12	33.08	60	3	25
2020/01/17 15:36:00	2020/01/17 15:37:00	12.316666666666666	14	11	33.59090909090909	59	5	22
2020/01/17 15:37:00	2020/01/17 15:38:00	12.833333333333334	15	10	30.8	60	1	25
2020/01/17 15:38:00	2020/01/17 15:39:00	14.416666666666666	16	12	27.903225806451612	60	1	31
2020/01/17 15:39:00	2020/01/17 15:40:00	15.0	18	12	26.470588235294116	59	1	34
2020/01/17 15:40:00	2020/01/17 15:41:00	15.9	20	12	26.5	60	2	36
2020/01/17 15:41:00	2020/01/17 15:42:00	15.333333333333334	19	11	22.4390243902439	60	2	41
2020/01/17 15:42:00	2020/01/17 15:43:00	12.766666666666667	19	10	24.70967741935484	60	4	31
2020/01/17 15:43:00	2020/01/17 15:44:00	12.55	15	11	31.375	59	1	24
2020/01/17 15:44:00	2020/01/17 15:45:00	12.283333333333333	15	11	30.708333333333332	60	2	24
2020/01/17 15:45:00	2020/01/17 15:46:00	10.933333333333334	16	9	27.333333333333332	59	2	24
2020/01/17 15:46:00	2020/01/17 15:47:00	10.866666666666667	12	9	24.14814814814815	60	1	27
2020/01/17 15:47:00	2020/01/17 15:48:00	13.2	16	11	28.285714285714285	60	2	28
2020/01/17 15:48:00	2020/01/17 15:49:00	12.9	14	11	36.857142857142854	60	1	21
2020/01/17 15:49:00	2020/01/17 15:50:00	13.366666666666667	17	12	28.642857142857142	59	1	28
2020/01/17 15:50:00	2020/01/17 15:51:00	13.916666666666666	16	12	29.821428571428573	60	2	28
2020/01/17 15:51:00	2020/01/17 15:52:00	12.866666666666667	16	8	23.393939393939394	60	1	33
2020/01/17 15:52:00	2020/01/17 15:53:00	12.6	15	9	22.90909090909091	59	2	33
2020/01/17 15:53:00	2020/01/17 15:54:00	12.65	15	8	25.3	60	2	30
2020/01/17 15:54:00	2020/01/17 15:55:00	13.383333333333333	16	11	24.333333333333332	60	2	33
2020/01/17 15:55:00	2020/01/17 15:56:00	11.883333333333333	15	9	24.586206896551722	60	2	29
2020/01/17 15:56:00	2020/01/17 15:57:00	13.05	16	10	29.0	59	1	27
2020/01/17 15:57:00	2020/01/17 15:58:00	14.416666666666666	18	11	26.21212121212121	60	1	33
2020/01/17 15:58:00	2020/01/17 15:59:00	12.233333333333333	16	10	25.310344827586206	60	1	29
2020/01/17 15:59:00	2020/01/17 16:00:00	12.55	15	11	22.147058823529413	59	2	34
2020/01/17 16:00:00	2020/01/17 16:01:00	13.033333333333333	15	10	28.962962962962962	60	1	27
2020/01/17 16:01:00	2020/01/17 16:02:00	12.7	15	9	25.4	60	2	30
2020/01/17 16:02:00	2020/01/17 16:03:00	12.883333333333333	16	10	23.424242424242426	60	1	33
2020/01/17 16:03:00	2020/01/17 16:04:00	11.166666666666666	14	9	23.928571428571427	59	3	28
2020/01/17 16:04:00	2020/01/17 16:05:00	10.583333333333334	13	9	27.608695652173914	59	1	23
2020/01/17 16:05:00	2020/01/17 16:06:00	11.483333333333333	15	9	23.75862068965517	60	5	29
2020/01/17 16:06:00	2020/01/17 16:07:00	10.416666666666666	13	7	25.0	60	1	25
2020/01/17 16:07:00	2020/01/17 16:08:00	11.966666666666667	15	10	23.933333333333334	59	5	30
2020/01/17 16:08:00	2020/01/17 16:09:00	10.483333333333333	15	6	19.65625	60	1	32
2020/01/17 16:09:00	2020/01/17 16:10:00	8.016666666666667	10	5	13.36111111111111	60	2	36
2020/01/17 16:10:00	2020/01/17 16:11:00	9.1	14	6	18.82758620689655	60	1	29
2020/01/17 16:11:00	2020/01/17 16:12:00	9.75	12	7	30.789473684210527	59	2	19
2020/01/17 16:12:00	2020/01/17 16:13:00	11.6	13	10	34.8	60	4	20
2020/01/17 16:13:00	2020/01/17 16:14:00	10.766666666666667	13	9	22.275862068965516	60	1	29
2020/01/17 16:14:00	2020/01/17 16:15:00	11.933333333333334	16	9	23.866666666666667	60	1	30
2020/01/17 16:15:00	2020/01/17 16:16:00	10.983333333333333	12	10	29.954545454545453	59	2	22
2020/01/17 16:16:00	2020/01/17 16:17:00	10.166666666666666	13	8	23.46153846153846	60	3	26
2020/01/17 16:17:00	2020/01/17 16:18:00	9.466666666666667	13	7	21.037037037037038	60	2	27
2020/01/17 16:18:00	2020/01/17 16:19:00	9.183333333333334	11	7	23.956521739130434	60	1	23
2020/01/17 16:19:00	2020/01/17 16:20:00	11.066666666666666	14	9	25.53846153846154	60	5	26
2020/01/17 16:20:00	2020/01/17 16:21:00	10.166666666666666	12	9	27.727272727272727	59	3	22
2020/01/17 16:21:00	2020/01/17 16:22:00	10.2	13	8	25.5	60	5	24
2020/01/17 16:22:00	2020/01/17 16:23:00	8.816666666666666	10	6	31.11764705882353	60	3	17
2020/01/17 16:23:00	2020/01/17 16:24:00	10.55	13	9	26.375	60	1	24
2020/01/17 16:24:00	2020/01/17 16:25:00	11.116666666666667	13	8	23.821428571428573	59	4	28
2020/01/17 16:25:00	2020/01/17 16:26:00	10.65	13	8	29.045454545454547	60	1	22
2020/01/17 16:26:00	2020/01/17 16:27:00	11.166666666666666	15	8	22.333333333333332	60	1	30
2020/01/17 16:27:00	2020/01/17 16:28:00	8.4	11	7	22.90909090909091	60	1	22
2020/01/17 16:28:00	2020/01/17 16:29:00	9.316666666666666	13	7	15.108108108108109	59	1	37
2020/01/17 16:29:00	2020/01/17 16:30:00	8.75	13	5	22.82608695652174	60	1	23
2020/01/17 16:30:00	2020/01/17 16:31:00	7.916666666666667	10	7	27.941176470588236	60	5	17
2020/01/17 16:31:00	2020/01/17 16:32:00	8.183333333333334	10	6	27.27777777777778	60	3	18
2020/01/17 16:32:00	2020/01/17 16:33:00	10.083333333333334	12	7	28.80952380952381	60	3	21
2020/01/17 16:33:00	2020/01/17 16:34:00	10.366666666666667	12	9	27.043478260869566	59	2	23
2020/01/17 16:34:00	2020/01/17 16:35:00	10.583333333333334	12	9	30.238095238095237	60	3	21
2020/01/17 16:35:00	2020/01/17 16:36:00	11.483333333333333	13	10	38.27777777777778	60	5	18
2020/01/17 16:36:00	2020/01/17 16:37:00	10.95	13	10	38.64705882352941	60	3	17
2020/01/17 16:37:00	2020/01/17 16:38:00	10.333333333333334	14	8	24.8	59	5	25
2020/01/17 16:38:00	2020/01/17 16:39:00	11.616666666666667	16	9	22.483870967741936	60	3	31
2020/01/17 16:39:00	2020/01/17 16:40:00	10.55	12	8	25.32	60	5	25
2020/01/17 16:40:00	2020/01/17 16:41:00	9.75	13	6	23.4	60	5	25
2020/01/17 16:41:00	2020/01/17 16:42:00	8.95	11	6	25.571428571428573	59	2	21
2020/01/17 16:42:00	2020/01/17 16:43:00	11.1	14	7	27.75	60	5	24
2020/01/17 16:43:00	2020/01/17 16:44:00	10.55	13	8	27.52173913043478	60	5	23
2020/01/17 16:44:00	2020/01/17 16:45:00	12.133333333333333	15	8	25.103448275862068	60	5	29
2020/01/17 16:45:00	2020/01/17 16:46:00	11.666666666666666	14	9	28.0	59	4	25
2020/01/17 16:46:00	2020/01/17 16:47:00	10.266666666666667	12	9	30.8	60	1	20
2020/01/17 16:47:00	2020/01/17 16:48:00	10.633333333333333	13	9	29.0	60	1	22
2020/01/17 16:48:00	2020/01/17 16:49:00	13.583333333333334	17	11	29.107142857142858	60	3	28
2020/01/17 16:49:00	2020/01/17 16:50:00	11.333333333333334	14	9	20.606060606060606	59	5	33
2020/01/17 16:50:00	2020/01/17 16:51:00	10.55	13	8	27.52173913043478	60	1	23
2020/01/17 16:51:00	2020/01/17 16:52:00	10.266666666666667	13	9	28.0	60	4	22
2020/01/17 16:52:00	2020/01/17 16:53:00	10.95	13	8	24.333333333333332	60	1	27
2020/01/17 16:53:00	2020/01/17 16:54:00	11.75	15	7	28.2	59	5	25
2020/01/17 16:54:00	2020/01/17 16:55:00	11.183333333333334	15	9	23.137931034482758	60	2	29
2020/01/17 16:55:00	2020/01/17 16:56:00	14.05	18	11	22.18421052631579	60	2	38
2020/01/17 16:56:00	2020/01/17 16:57:00	9.916666666666666	12	8	23.8	60	2	25
2020/01/17 16:57:00	2020/01/17 16:58:00	8.783333333333333	13	7	23.954545454545453	59	1	22
2020/01/17 16:58:00	2020/01/17 16:59:00	9.566666666666666	13	7	22.076923076923077	60	1	26
2020/01/17 16:59:00	2020/01/17 17:00:00	9.016666666666667	12	6	18.655172413793103	60	1	29
2020/01/17 17:00:00	2020/01/17 17:01:00	10.75	14	9	20.15625	60	2	32
2020/01/17 17:01:00	2020/01/17 17:02:00	10.0	12	8	18.181818181818183	60	2	33
2020/01/17 17:02:00	2020/01/17 17:03:00	10.283333333333333	12	7	19.903225806451612	59	3	31
2020/01/17 17:03:00	2020/01/17 17:04:00	11.45	13	9	27.48	60	4	25
2020/01/17 17:04:00	2020/01/17 17:05:00	10.533333333333333	12	8	30.095238095238095	60	6	21
2020/01/17 17:05:00	2020/01/17 17:06:00	10.183333333333334	12	8	27.772727272727273	60	2	22
2020/01/17 17:06:00	2020/01/17 17:07:00	10.533333333333333	13	8	24.307692307692307	60	1	26
2020/01/17 17:07:00	2020/01/17 17:08:00	7.95	11	6	17.035714285714285	59	1	28
2020/01/17 17:08:00	2020/01/17 17:09:00	7.633333333333334	10	5	21.80952380952381	60	1	21
2020/01/17 17:09:00	2020/01/17 17:10:00	9.4	12	7	24.52173913043478	60	5	23
2020/01/17 17:10:00	2020/01/17 17:11:00	8.1	11	5	23.142857142857142	60	1	21
2020/01/17 17:11:00	2020/01/17 17:12:00	11.6	15	8	17.846153846153847	59	5	39
2020/01/17 17:12:00	2020/01/17 17:13:00	11.216666666666667	13	9	24.925925925925927	60	1	27
2020/01/17 17:13:00	2020/01/17 17:14:00	11.433333333333334	14	8	26.384615384615383	60	1	26
2020/01/17 17:14:00	2020/01/17 17:15:00	12.033333333333333	14	9	21.87878787878788	60	2	33
2020/01/17 17:15:00	2020/01/17 17:16:00	12.55	16	10	19.307692307692307	59	1	39
2020/01/17 17:16:00	2020/01/17 17:17:00	14.116666666666667	20	10	21.71794871794872	60	1	39
2020/01/17 17:17:00	2020/01/17 17:18:00	14.583333333333334	18	11	23.026315789473685	60	2	38
2020/01/17 17:18:00	2020/01/17 17:19:00	12.3	16	11	21.085714285714285	59	1	35
2020/01/17 17:19:00	2020/01/17 17:20:00	12.45	14	11	20.18918918918919	60	1	37
2020/01/17 17:20:00	2020/01/17 17:21:00	13.116666666666667	16	11	23.147058823529413	60	1	34
2020/01/17 17:21:00	2020/01/17 17:22:00	13.266666666666667	15	11	19.414634146341463	60	2	41
2020/01/17 17:22:00	2020/01/17 17:23:00	11.5	17	7	19.714285714285715	59	1	35
2020/01/17 17:23:00	2020/01/17 17:24:00	12.35	18	8	21.17142857142857	60	4	35
2020/01/17 17:24:00	2020/01/17 17:25:00	13.75	16	11	20.625	60	2	40
2020/01/17 17:25:00	2020/01/17 17:26:00	14.066666666666666	16	11	26.375	59	1	32
2020/01/17 17:26:00	2020/01/17 17:27:00	11.7	15	9	20.647058823529413	60	1	34
2020/01/17 17:27:00	2020/01/17 17:28:00	10.216666666666667	14	7	21.892857142857142	60	1	28
2020/01/17 17:28:00	2020/01/17 17:29:00	10.416666666666666	15	8	18.38235294117647	60	2	34
2020/01/17 17:29:00	2020/01/17 17:30:00	10.283333333333333	13	7	22.035714285714285	59	5	28
2020/01/17 17:30:00	2020/01/17 17:31:00	10.9	14	8	24.22222222222222	60	3	27
2020/01/17 17:31:00	2020/01/17 17:32:00	11.433333333333334	14	8	24.5	60	1	28
2020/01/17 17:32:00	2020/01/17 17:33:00	11.666666666666666	16	6	18.91891891891892	60	1	37
2020/01/17 17:33:00	2020/01/17 17:34:00	15.016666666666667	18	12	25.742857142857144	59	1	35
2020/01/17 17:34:00	2020/01/17 17:35:00	14.583333333333334	17	12	23.64864864864865	60	1	37
2020/01/17 17:35:00	2020/01/17 17:36:00	18.45	22	14	23.0625	60	3	48
2020/01/17 17:36:00	2020/01/17 17:37:00	14.25	21	11	18.19148936170213	59	1	47
2020/01/17 17:37:00	2020/01/17 17:38:00	10.966666666666667	15	8	24.37037037037037	60	1	27
2020/01/17 17:38:00	2020/01/17 17:39:00	9.95	12	8	22.96153846153846	60	2	26
2020/01/17 17:39:00	2020/01/17 17:40:00	9.466666666666667	12	7	21.037037037037038	60	3	27
2020/01/17 17:40:00	2020/01/17 17:41:00	7.333333333333333	11	4	15.714285714285714	59	1	28
2020/01/17 17:41:00	2020/01/17 17:42:00	8.433333333333334	12	6	17.448275862068964	60	1	29
2020/01/17 17:42:00	2020/01/17 17:43:00	9.316666666666666	11	8	25.40909090909091	60	4	22
2020/01/17 17:43:00	2020/01/17 17:44:00	7.516666666666667	14	3	16.703703703703702	60	5	27
2020/01/17 17:44:00	2020/01/17 17:45:00	6.5	8	3	22.941176470588236	60	2	17
2020/01/17 17:45:00	2020/01/17 17:46:00	8.016666666666667	10	6	24.05	59	5	20
2020/01/17 17:46:00	2020/01/17 17:47:00	9.616666666666667	13	7	25.08695652173913	60	5	23
2020/01/17 17:47:00	2020/01/17 17:48:00	10.916666666666666	13	9	31.19047619047619	60	4	21
2020/01/17 17:48:00	2020/01/17 17:49:00	9.883333333333333	11	8	32.94444444444444	60	1	18
2020/01/17 17:49:00	2020/01/17 17:50:00	10.916666666666666	12	9	32.75	59	5	20
2020/01/17 17:50:00	2020/01/17 17:51:00	11.1	13	9	27.75	60	1	24
2020/01/17 17:51:00	2020/01/17 17:52:00	11.066666666666666	14	8	22.133333333333333	60	1	30
2020/01/17 17:52:00	2020/01/17 17:53:00	8.933333333333334	11	6	23.304347826086957	60	5	23
2020/01/17 17:53:00	2020/01/17 17:54:00	8.516666666666667	9	7	30.058823529411764	60	3	17
2020/01/17 17:54:00	2020/01/17 17:55:00	7.55	10	6	22.65	59	1	20
2020/01/17 17:55:00	2020/01/17 17:56:00	7.6	9	6	32.57142857142857	60	5	14
2020/01/17 17:56:00	2020/01/17 17:57:00	8.333333333333334	10	7	35.714285714285715	60	5	14
2020/01/17 17:57:00	2020/01/17 17:58:00	9.55	14	6	23.875	60	1	24
2020/01/17 17:58:00	2020/01/17 17:59:00	10.016666666666667	12	8	20.724137931034484	60	1	29
2020/01/17 17:59:00	2020/01/17 18:00:00	8.85	12	8	37.92857142857143	59	2	14
2020/01/17 18:00:00	2020/01/17 18:01:00	9.633333333333333	11	8	34.0	60	2	17
2020/01/17 18:01:00	2020/01/17 18:02:00	9.433333333333334	11	7	19.517241379310345	60	3	29
2020/01/17 18:02:00	2020/01/17 18:03:00	7.95	9	7	34.07142857142857	60	1	14
2020/01/17 18:03:00	2020/01/17 18:04:00	8.816666666666666	11	8	40.69230769230769	59	1	13
2020/01/17 18:04:00	2020/01/17 18:05:00	10.116666666666667	13	7	17.34285714285714	60	1	35
2020/01/17 18:05:00	2020/01/17 18:06:00	9.333333333333334	12	8	25.454545454545453	60	1	22
2020/01/17 18:06:00	2020/01/17 18:07:00	7.85	9	6	29.4375	60	2	16
2020/01/17 18:07:00	2020/01/17 18:08:00	7.2	9	5	21.6	60	1	20
2020/01/17 18:08:00	2020/01/17 18:09:00	8.75	11	7	30.88235294117647	59	4	17
2020/01/17 18:09:00	2020/01/17 18:10:00	8.583333333333334	12	6	28.61111111111111	60	4	18
2020/01/17 18:10:00	2020/01/17 18:11:00	7.883333333333334	10	7	23.65	60	4	20
2020/01/17 18:11:00	2020/01/17 18:12:00	8.733333333333333	11	6	24.952380952380953	60	1	21
2020/01/17 18:12:00	2020/01/17 18:13:00	8.8	11	7	31.058823529411764	60	1	17
2020/01/17 18:13:00	2020/01/17 18:14:00	7.383333333333334	10	7	36.916666666666664	59	6	12
2020/01/17 18:14:00	2020/01/17 18:15:00	5.566666666666666	7	5	37.111111111111114	60	5	9
2020/01/17 18:15:00	2020/01/17 18:16:00	5.616666666666666	6	5	33.7	60	2	10
2020/01/17 18:16:00	2020/01/17 18:17:00	6.1	7	5	45.75	60	4	8
2020/01/17 18:17:00	2020/01/17 18:18:00	5.4	7	4	27.0	60	2	12
2020/01/17 18:18:00	2020/01/17 18:19:00	7.283333333333333	11	5	27.3125	60	3	16
2020/01/17 18:19:00	2020/01/17 18:20:00	5.933333333333334	8	5	32.36363636363637	59	5	11
2020/01/17 18:20:00	2020/01/17 18:21:00	6.266666666666667	7	6	34.18181818181818	60	1	11
2020/01/17 18:21:00	2020/01/17 18:22:00	7.3	8	6	29.2	60	4	15
2020/01/17 18:22:00	2020/01/17 18:23:00	5.6	6	5	30.545454545454547	60	6	11
2020/01/17 18:23:00	2020/01/17 18:24:00	5.866666666666666	7	4	27.076923076923077	60	1	13
2020/01/17 18:24:00	2020/01/17 18:25:00	7.45	9	6	27.9375	60	5	16
2020/01/17 18:25:00	2020/01/17 18:26:00	6.45	8	4	29.76923076923077	59	5	13
2020/01/17 18:26:00	2020/01/17 18:27:00	6.966666666666667	8	6	32.15384615384615	60	5	13
2020/01/17 18:27:00	2020/01/17 18:28:00	6.833333333333333	8	6	29.285714285714285	60	1	14
2020/01/17 18:28:00	2020/01/17 18:29:00	7.6	9	6	30.4	60	4	15
2020/01/17 18:29:00	2020/01/17 18:30:00	5.166666666666667	6	4	23.846153846153847	60	4	13
2020/01/17 18:30:00	2020/01/17 18:31:00	5.516666666666667	8	4	33.1	60	6	10
2020/01/17 18:31:00	2020/01/17 18:32:00	6.483333333333333	10	3	15.56	59	1	25
2020/01/17 18:32:00	2020/01/17 18:33:00	3.9166666666666665	7	2	14.6875	60	1	16
2020/01/17 18:33:00	2020/01/17 18:34:00	5.516666666666667	8	4	23.642857142857142	60	2	14
2020/01/17 18:34:00	2020/01/17 18:35:00	5.25	7	3	18.529411764705884	60	3	17
2020/01/17 18:35:00	2020/01/17 18:36:00	4.266666666666667	5	3	32.0	60	2	8
2020/01/17 18:36:00	2020/01/17 18:37:00	4.316666666666666	5	3	23.545454545454547	60	4	11
2020/01/17 18:37:00	2020/01/17 18:38:00	5.25	6	5	31.5	60	6	10
2020/01/17 18:38:00	2020/01/17 18:39:00	5.6	7	5	24.0	59	1	14
2020/01/17 18:39:00	2020/01/17 18:40:00	5.5	6	5	22.0	60	2	15
2020/01/17 18:40:00	2020/01/17 18:41:00	5.066666666666666	7	3	25.333333333333332	60	4	12
2020/01/17 18:41:00	2020/01/17 18:42:00	4.633333333333334	6	3	30.88888888888889	60	6	9
2020/01/17 18:42:00	2020/01/17 18:43:00	5.483333333333333	7	4	21.933333333333334	60	5	15
2020/01/17 18:43:00	2020/01/17 18:44:00	4.95	6	4	37.125	60	9	8
2020/01/17 18:44:00	2020/01/17 18:45:00	4.833333333333333	6	4	41.42857142857143	59	5	7
2020/01/17 18:45:00	2020/01/17 18:46:00	5.383333333333334	6	4	40.375	60	5	8
2020/01/17 18:46:00	2020/01/17 18:47:00	5.466666666666667	6	5	36.44444444444444	60	5	9
2020/01/17 18:47:00	2020/01/17 18:48:00	5.083333333333333	6	5	50.833333333333336	60	5	6
2020/01/17 18:48:00	2020/01/17 18:49:00	4.866666666666666	6	4	32.44444444444444	60	2	9
2020/01/17 18:49:00	2020/01/17 18:50:00	2.683333333333333	4	2	23.0	60	3	7
2020/01/17 18:50:00	2020/01/17 18:51:00	2.3833333333333333	3	2	20.428571428571427	60	2	7
2020/01/17 18:51:00	2020/01/17 18:52:00	2.3333333333333335	3	2	28.0	60	4	5
2020/01/17 18:52:00	2020/01/17 18:53:00	2.0	2	2	60.0	60	60	2
2020/01/17 18:53:00	2020/01/17 18:54:00	2.9166666666666665	4	2	29.166666666666668	59	5	6
2020/01/17 18:54:00	2020/01/17 18:55:00	3.033333333333333	4	3	45.5	60	2	4
2020/01/17 18:55:00	2020/01/17 18:56:00	3.3666666666666667	5	2	22.444444444444443	60	2	9
2020/01/17 18:56:00	2020/01/17 18:57:00	2.716666666666667	4	1	18.11111111111111	60	3	9
2020/01/17 18:57:00	2020/01/17 18:58:00	2.716666666666667	4	2	27.166666666666668	60	5	6
2020/01/17 18:58:00	2020/01/17 18:59:00	2.433333333333333	4	1	16.22222222222222	60	5	9
2020/01/17 18:59:00	2020/01/17 19:00:00	2.1	3	2	21.0	60	1	6
2020/01/17 19:00:00	2020/01/17 19:01:00	1.2666666666666666	3	1	19.0	60	1	4
2020/01/17 19:01:00	2020/01/17 19:02:00	1.75	3	1	15.0	60	4	7
2020/01/17 19:02:00	2020/01/17 19:03:00	2.0166666666666666	3	1	20.166666666666668	60	6	6
2020/01/17 19:03:00	2020/01/17 19:04:00	2.15	3	2	25.8	59	5	5
2020/01/17 19:04:00	2020/01/17 19:05:00	1.2833333333333334	2	1	25.666666666666668	60	7	3
2020/01/17 19:05:00	2020/01/17 19:06:00	2.316666666666667	5	1	13.9	60	5	10
2020/01/17 19:06:00	2020/01/17 19:07:00	2.9166666666666665	5	2	14.583333333333334	60	1	12
2020/01/17 19:07:00	2020/01/17 19:08:00	4.15	6	2	20.75	60	2	12
2020/01/17 19:08:00	2020/01/17 19:09:00	3.05	5	2	16.636363636363637	60	1	11
2020/01/17 19:09:00	2020/01/17 19:10:00	2.4	4	2	20.571428571428573	60	4	7
2020/01/17 19:10:00	2020/01/17 19:11:00	2.6666666666666665	4	2	20.0	60	5	8
2020/01/17 19:11:00	2020/01/17 19:12:00	2.5833333333333335	4	2	25.833333333333332	60	5	6
2020/01/17 19:12:00	2020/01/17 19:13:00	2.183333333333333	4	1	18.714285714285715	59	5	7
2020/01/17 19:13:00	2020/01/17 19:14:00	2.65	6	1	9.9375	44	1	16
2020/01/17 19:14:00	2020/01/17 19:15:00	2.433333333333333	3	2	13.272727272727273	60	1	11
2020/01/17 19:15:00	2020/01/17 19:16:00	2.55	4	1	13.909090909090908	60	2	11
2020/01/17 19:16:00	2020/01/17 19:17:00	2.4	4	1	16.0	60	7	9
2020/01/17 19:17:00	2020/01/17 19:18:00	2.7666666666666666	4	1	20.75	60	5	8
2020/01/17 19:18:00	2020/01/17 19:19:00	2.1166666666666667	4	1	14.11111111111111	60	3	9
2020/01/17 19:19:00	2020/01/17 19:20:00	1.8833333333333333	4	1	14.125	60	2	8
2020/01/17 19:20:00	2020/01/17 19:21:00	1.4833333333333334	2	1	17.8	60	5	5
2020/01/17 19:21:00	2020/01/17 19:22:00	2.1166666666666667	4	1	18.142857142857142	60	5	7
2020/01/17 19:22:00	2020/01/17 19:23:00	2.9833333333333334	4	2	22.375	60	3	8
2020/01/17 19:23:00	2020/01/17 19:24:00	2.8333333333333335	5	2	21.25	59	4	8
2020/01/17 19:24:00	2020/01/17 19:25:00	3.3333333333333335	4	2	28.571428571428573	60	2	7
2020/01/17 19:25:00	2020/01/17 19:26:00	2.433333333333333	4	2	20.857142857142858	60	1	7
2020/01/17 19:26:00	2020/01/17 19:27:00	2.6333333333333333	4	2	31.6	60	6	5
2020/01/17 19:27:00	2020/01/17 19:28:00	3.683333333333333	4	3	24.555555555555557	60	1	9
2020/01/17 19:28:00	2020/01/17 19:29:00	3.966666666666667	5	3	29.75	60	5	8
2020/01/17 19:29:00	2020/01/17 19:30:00	3.5833333333333335	4	3	30.714285714285715	60	7	7
2020/01/17 19:30:00	2020/01/17 19:31:00	3.9833333333333334	4	3	39.833333333333336	60	10	6
2020/01/17 19:31:00	2020/01/17 19:32:00	3.933333333333333	4	4	59.0	59	59	4
2020/01/17 19:32:00	2020/01/17 19:33:00	3.9833333333333334	4	3	47.8	60	20	5
2020/01/17 19:33:00	2020/01/17 19:34:00	3.9	4	3	39.0	60	10	6
2020/01/17 19:34:00	2020/01/17 19:35:00	3.6333333333333333	4	3	31.142857142857142	60	5	7
2020/01/17 19:35:00	2020/01/17 19:36:00	3.2	4	2	24.0	60	3	8
2020/01/17 19:36:00	2020/01/17 19:37:00	3.0833333333333335	4	2	23.125	60	4	8
2020/01/17 19:37:00	2020/01/17 19:38:00	2.7666666666666666	4	2	33.2	60	11	5
2020/01/17 19:38:00	2020/01/17 19:39:00	3.783333333333333	5	2	25.22222222222222	60	1	9
2020/01/17 19:39:00	2020/01/17 19:40:00	3.5166666666666666	5	2	17.583333333333332	59	3	12
2020/01/17 19:40:00	2020/01/17 19:41:00	3.466666666666667	4	3	20.8	60	2	10
2020/01/17 19:41:00	2020/01/17 19:42:00	3.3833333333333333	4	2	33.833333333333336	60	7	6
2020/01/17 19:42:00	2020/01/17 19:43:00	3.533333333333333	4	3	30.285714285714285	60	6	7
2020/01/17 19:43:00	2020/01/17 19:44:00	3.6	5	3	24.0	60	5	9
2020/01/17 19:44:00	2020/01/17 19:45:00	2.3	3	2	34.5	60	7	4
2020/01/17 19:45:00	2020/01/17 19:46:00	2.05	3	2	41.0	60	3	3
2020/01/17 19:46:00	2020/01/17 19:47:00	2.033333333333333	3	2	40.666666666666664	60	2	3
2020/01/17 19:47:00	2020/01/17 19:48:00	2.85	4	2	28.5	60	5	6
2020/01/17 19:48:00	2020/01/17 19:49:00	3.1166666666666667	4	3	37.4	59	5	5
2020/01/17 19:49:00	2020/01/17 19:50:00	3.0833333333333335	4	3	46.25	60	5	4
2020/01/17 19:50:00	2020/01/17 19:51:00	3.0833333333333335	4	3	46.25	60	5	4
2020/01/17 19:51:00	2020/01/17 19:52:00	3.183333333333333	4	3	38.2	60	5	5
2020/01/17 19:52:00	2020/01/17 19:53:00	3.3833333333333333	5	3	29.0	60	5	7
2020/01/17 19:53:00	2020/01/17 19:54:00	3.5	4	3	30.0	60	5	7
2020/01/17 19:54:00	2020/01/17 19:55:00	3.1	4	3	46.5	60	6	4
2020/01/17 19:55:00	2020/01/17 19:56:00	3.0	3	3	60.0	60	60	3
2020/01/17 19:56:00	2020/01/17 19:57:00	3.0	3	3	60.0	60	60	3
2020/01/17 19:57:00	2020/01/17 19:58:00	3.033333333333333	4	3	45.5	59	5	4
2020/01/17 19:58:00	2020/01/17 19:59:00	3.0	3	3	60.0	60	60	3
2020/01/17 19:59:00	2020/01/17 20:00:00	3.0	3	3	60.0	60	60	3
2020/01/17 20:00:00	2020/01/17 20:01:00	4.366666666666666	11	3	17.466666666666665	60	4	15
2020/01/17 20:01:00	2020/01/17 20:02:00	5.25	11	3	19.6875	60	4	16
2020/01/17 20:02:00	2020/01/17 20:03:00	3.0833333333333335	4	3	46.25	60	5	4
2020/01/17 20:03:00	2020/01/17 20:04:00	2.716666666666667	3	2	40.75	60	10	4
2020/01/17 20:04:00	2020/01/17 20:05:00	3.0	3	3	60.0	60	60	3
2020/01/17 20:05:00	2020/01/17 20:06:00	3.0	3	3	60.0	60	60	3
2020/01/17 20:06:00	2020/01/17 20:07:00	2.95	3	3	59.0	59	59	3
2020/01/17 20:07:00	2020/01/17 20:08:00	3.0	3	3	60.0	60	60	3
2020/01/17 20:08:00	2020/01/17 20:09:00	2.783333333333333	5	2	27.833333333333332	60	5	6
2020/01/17 20:09:00	2020/01/17 20:10:00	2.0	2	2	60.0	60	60	2
2020/01/17 20:10:00	2020/01/17 20:11:00	2.0166666666666666	3	2	40.333333333333336	60	1	3
2020/01/17 20:11:00	2020/01/17 20:12:00	2.6166666666666667	3	2	31.4	60	5	5
2020/01/17 20:12:00	2020/01/17 20:13:00	2.1333333333333333	3	2	42.666666666666664	60	8	3
2020/01/17 20:13:00	2020/01/17 20:14:00	2.0	2	2	60.0	60	60	2
2020/01/17 20:14:00	2020/01/17 20:15:00	2.0	2	2	60.0	60	60	2
2020/01/17 20:15:00	2020/01/17 20:16:00	2.0	2	2	60.0	60	60	2
2020/01/17 20:16:00	2020/01/17 20:17:00	2.8833333333333333	3	2	57.666666666666664	59	55	3
2020/01/17 20:17:00	2020/01/17 20:18:00	3.0	3	3	45.0	60	18	4
2020/01/17 20:18:00	2020/01/17 20:19:00	3.0	3	3	60.0	60	60	3
2020/01/17 20:19:00	2020/01/17 20:20:00	2.1333333333333333	4	1	32.0	60	5	4
2020/01/17 20:20:00	2020/01/17 20:21:00	1.0	1	1	60.0	60	60	1
2020/01/17 20:21:00	2020/01/17 20:22:00	1.0	1	1	60.0	60	60	1
2020/01/17 20:22:00	2020/01/17 20:23:00	1.0	1	1	60.0	60	60	1
2020/01/17 20:23:00	2020/01/17 20:24:00	2.05	4	1	24.6	60	5	5
2020/01/17 20:24:00	2020/01/17 20:25:00	1.9666666666666666	2	1	39.333333333333336	60	27	3
2020/01/17 20:25:00	2020/01/17 20:26:00	1.75	3	1	35.0	60	9	3
2020/01/17 20:26:00	2020/01/17 20:27:00	1.0	1	1	60.0	60	60	1
2020/01/17 20:27:00	2020/01/17 20:28:00	2.1666666666666665	4	1	18.571428571428573	59	5	7
2020/01/17 20:28:00	2020/01/17 20:29:00	2.1166666666666667	6	1	14.11111111111111	60	5	9
2020/01/17 20:29:00	2020/01/17 20:30:00	2.7	4	2	32.4	60	8	5
2020/01/17 20:30:00	2020/01/17 20:31:00	2.45	3	1	29.4	60	7	5
2020/01/17 20:31:00	2020/01/17 20:32:00	1.55	2	1	31.0	60	6	3
2020/01/17 20:32:00	2020/01/17 20:33:00	2.566666666666667	4	1	22.0	60	3	7
2020/01/17 20:33:00	2020/01/17 20:34:00	2.3666666666666667	3	1	20.285714285714285	60	5	7
2020/01/17 20:34:00	2020/01/17 20:35:00	2.183333333333333	3	2	32.75	60	10	4
2020/01/17 20:35:00	2020/01/17 20:36:00	1.5666666666666667	3	1	18.8	60	7	5
2020/01/17 20:36:00	2020/01/17 20:37:00	3.033333333333333	4	2	20.22222222222222	60	3	9
2020/01/17 20:37:00	2020/01/17 20:38:00	2.716666666666667	4	1	16.3	60	4	10
2020/01/17 20:38:00	2020/01/17 20:39:00	2.033333333333333	3	1	24.4	59	1	5
2020/01/17 20:39:00	2020/01/17 20:40:00	1.85	4	1	18.5	60	4	6
2020/01/17 20:40:00	2020/01/17 20:41:00	2.25	4	1	19.285714285714285	60	1	7
2020/01/17 20:41:00	2020/01/17 20:42:00	1.9833333333333334	2	1	39.666666666666664	60	23	3
2020/01/17 20:42:00	2020/01/17 20:43:00	2.0	2	2	40.0	60	24	3
2020/01/17 20:43:00	2020/01/17 20:44:00	2.1666666666666665	3	2	32.5	60	5	4
2020/01/17 20:44:00	2020/01/17 20:45:00	2.0833333333333335	3	2	41.666666666666664	60	5	3
2020/01/17 20:45:00	2020/01/17 20:46:00	2.0833333333333335	3	2	41.666666666666664	60	5	3
2020/01/17 20:46:00	2020/01/17 20:47:00	2.4	3	2	28.8	60	5	5
2020/01/17 20:47:00	2020/01/17 20:48:00	2.0833333333333335	3	2	41.666666666666664	60	5	3
2020/01/17 20:48:00	2020/01/17 20:49:00	1.9833333333333334	3	1	29.75	60	8	4
2020/01/17 20:49:00	2020/01/17 20:50:00	1.9166666666666667	3	1	28.75	59	3	4
2020/01/17 20:50:00	2020/01/17 20:51:00	1.5333333333333334	2	1	30.666666666666668	60	10	3
2020/01/17 20:51:00	2020/01/17 20:52:00	1.2333333333333334	2	1	24.666666666666668	60	6	3
2020/01/17 20:52:00	2020/01/17 20:53:00	2.0	2	2	60.0	60	60	2
2020/01/17 20:53:00	2020/01/17 20:54:00	2.0	2	2	60.0	60	60	2
2020/01/17 20:54:00	2020/01/17 20:55:00	2.0	2	2	60.0	60	60	2
2020/01/17 20:55:00	2020/01/17 20:56:00	2.0	2	2	60.0	60	60	2
2020/01/17 20:56:00	2020/01/17 20:57:00	2.1333333333333333	3	2	42.666666666666664	60	8	3
2020/01/17 20:57:00	2020/01/17 20:58:00	2.0	2	2	60.0	60	60	2
2020/01/17 20:58:00	2020/01/17 20:59:00	2.0	2	2	40.0	60	20	3
2020/01/17 20:59:00	2020/01/17 21:00:00	2.0833333333333335	3	2	41.666666666666664	60	5	3
2020/01/17 21:00:00	2020/01/17 21:01:00	1.9666666666666666	2	2	59.0	59	59	2
2020/01/17 21:01:00	2020/01/17 21:02:00	2.0	2	2	60.0	60	60	2
2020/01/17 21:02:00	2020/01/17 21:03:00	2.5	4	2	25.0	60	6	6
2020/01/17 21:03:00	2020/01/17 21:04:00	1.4	2	1	16.8	60	5	5
2020/01/17 21:04:00	2020/01/17 21:05:00	1.0833333333333333	2	1	32.5	60	5	2
2020/01/17 21:05:00	2020/01/17 21:06:00	1.15	2	1	34.5	60	9	2
2020/01/17 21:06:00	2020/01/17 21:07:00	1.3	3	1	26.0	60	7	3
2020/01/17 21:07:00	2020/01/17 21:08:00	1.0	1	1	60.0	60	60	1
2020/01/17 21:08:00	2020/01/17 21:09:00	1.0	1	1	60.0	60	60	1
2020/01/17 21:09:00	2020/01/17 21:10:00	1.8333333333333333	2	1	55.0	60	50	2
2020/01/17 21:10:00	2020/01/17 21:11:00	1.95	2	1	39.0	60	9	3
2020/01/17 21:11:00	2020/01/17 21:12:00	1.9833333333333334	2	1	39.666666666666664	60	20	3
2020/01/17 21:12:00	2020/01/17 21:13:00	1.5833333333333333	2	1	23.75	59	1	4
2020/01/17 21:13:00	2020/01/17 21:14:00	1.95	2	1	29.25	60	5	4
2020/01/17 21:14:00	2020/01/17 21:15:00	1.4166666666666667	2	1	28.333333333333332	60	11	3
2020/01/17 21:15:00	2020/01/17 21:16:00	1.5833333333333333	3	1	23.75	60	6	4
2020/01/17 21:16:00	2020/01/17 21:17:00	1.4	3	1	21.0	60	3	4
2020/01/17 21:17:00	2020/01/17 21:18:00	2.05	3	2	41.0	60	3	3
2020/01/17 21:18:00	2020/01/17 21:19:00	2.0	2	2	60.0	60	60	2
2020/01/17 21:19:00	2020/01/17 21:20:00	2.0	2	2	60.0	60	60	2
2020/01/17 21:20:00	2020/01/17 21:21:00	1.7333333333333334	2	1	52.0	60	44	2
2020/01/17 21:21:00	2020/01/17 21:22:00	1.0	1	1	60.0	60	60	1
2020/01/17 21:22:00	2020/01/17 21:23:00	1.2	2	1	36.0	60	12	2
2020/01/17 21:23:00	2020/01/17 21:24:00	1.0	1	1	60.0	60	60	1
2020/01/17 21:24:00	2020/01/17 21:25:00	0.9833333333333333	1	1	59.0	59	59	1
2020/01/17 21:25:00	2020/01/17 21:26:00	1.65	4	1	8.25	21	2	12
2020/01/17 21:26:00	2020/01/17 21:27:00	1.5666666666666667	4	1	11.75	32	4	8
2020/01/17 21:27:00	2020/01/17 21:28:00	0.8833333333333333	5	1	6.625	10	5	8
2020/01/17 21:28:00	2020/01/17 21:29:00	0.6666666666666666	2	1	10.0	20	5	4
2020/01/17 21:29:00	2020/01/17 21:30:00	0.0	0	0	0.0	0	0	0
2020/01/17 21:30:00	2020/01/17 21:31:00	0.0	0	0	0.0	0	0	0
2020/01/17 21:31:00	2020/01/17 21:32:00	0.0	0	0	0.0	0	0	0
2020/01/17 21:32:00	2020/01/17 21:33:00	0.0	0	0	0.0	0	0	0
2020/01/17 21:33:00	2020/01/17 21:34:00	0.0	0	0	0.0	0	0	0
2020/01/17 21:34:00	2020/01/17 21:35:00	1.2166666666666666	3	1	10.428571428571429	37	5	7
2020/01/17 21:35:00	2020/01/17 21:36:00	0.9	2	1	27.0	49	5	2
2020/01/17 21:36:00	2020/01/17 21:37:00	1.0666666666666667	2	1	32.0	59	5	2
2020/01/17 21:37:00	2020/01/17 21:38:00	1.25	2	1	37.5	60	15	2
2020/01/17 21:38:00	2020/01/17 21:39:00	2.0	2	2	60.0	60	60	2
2020/01/17 21:39:00	2020/01/17 21:40:00	2.75	6	1	7.857142857142857	23	1	21
2020/01/17 21:40:00	2020/01/17 21:41:00	3.6333333333333333	5	3	24.22222222222222	60	4	9
2020/01/17 21:41:00	2020/01/17 21:42:00	4.0	4	4	48.0	60	5	5
2020/01/17 21:42:00	2020/01/17 21:43:00	1.9833333333333334	4	1	29.75	60	19	4
2020/01/17 21:43:00	2020/01/17 21:44:00	1.6666666666666667	5	1	11.11111111111111	35	6	9
2020/01/17 21:44:00	2020/01/17 21:45:00	0.9833333333333333	3	1	11.8	17	7	5
2020/01/17 21:45:00	2020/01/17 21:46:00	2.6666666666666665	5	1	10.666666666666666	35	3	15
2020/01/17 21:46:00	2020/01/17 21:47:00	0.9666666666666667	5	1	5.8	24	1	10
2020/01/17 21:47:00	2020/01/17 21:48:00	3.716666666666667	6	3	22.3	60	1	10
2020/01/17 21:48:00	2020/01/17 21:49:00	3.35	5	3	25.125	60	3	8
2020/01/17 21:49:00	2020/01/17 21:50:00	3.2666666666666666	4	3	32.666666666666664	60	4	6
2020/01/17 21:50:00	2020/01/17 21:51:00	3.6166666666666667	5	3	24.11111111111111	60	4	9
2020/01/17 21:51:00	2020/01/17 21:52:00	3.8	5	3	25.333333333333332	60	3	9
2020/01/17 21:52:00	2020/01/17 21:53:00	3.3	4	3	33.0	60	4	6
2020/01/17 21:53:00	2020/01/17 21:54:00	3.5833333333333335	5	3	23.88888888888889	60	4	9
2020/01/17 21:54:00	2020/01/17 21:55:00	3.6	5	3	24.0	59	5	9
2020/01/17 21:55:00	2020/01/17 21:56:00	3.466666666666667	4	3	26.0	60	3	8
2020/01/17 21:56:00	2020/01/17 21:57:00	3.5833333333333335	5	3	26.875	60	2	8
2020/01/17 21:57:00	2020/01/17 21:58:00	3.2333333333333334	4	3	32.333333333333336	60	4	6
2020/01/17 21:58:00	2020/01/17 21:59:00	3.7	5	3	20.181818181818183	60	3	11
2020/01/17 21:59:00	2020/01/17 22:00:00	3.6666666666666665	5	3	20.0	60	3	11
2020/01/17 22:00:00	2020/01/17 22:01:00	4.15	6	3	17.785714285714285	60	1	14
2020/01/17 22:01:00	2020/01/17 22:02:00	4.8	5	4	48.0	59	21	6
2020/01/17 22:02:00	2020/01/17 22:03:00	4.9	6	4	32.666666666666664	60	5	9
2020/01/17 22:03:00	2020/01/17 22:04:00	4.933333333333334	5	4	49.333333333333336	60	1	6
2020/01/17 22:04:00	2020/01/17 22:05:00	5.0	6	4	37.5	60	5	8
2020/01/17 22:05:00	2020/01/17 22:06:00	5.1	6	4	34.0	60	4	9
2020/01/17 22:06:00	2020/01/17 22:07:00	4.766666666666667	5	4	40.857142857142854	60	4	7
2020/01/17 22:07:00	2020/01/17 22:08:00	4.95	5	4	42.42857142857143	60	17	7
2020/01/17 22:08:00	2020/01/17 22:09:00	5.05	6	5	37.875	59	7	8
2020/01/17 22:09:00	2020/01/17 22:10:00	5.0	6	4	37.5	60	7	8
2020/01/17 22:10:00	2020/01/17 22:11:00	4.933333333333334	6	3	32.888888888888886	60	2	9
2020/01/17 22:11:00	2020/01/17 22:12:00	4.966666666666667	6	4	33.111111111111114	60	1	9
2020/01/17 22:12:00	2020/01/17 22:13:00	5.0	5	5	50.0	60	2	6
2020/01/17 22:13:00	2020/01/17 22:14:00	5.066666666666666	6	5	38.0	60	3	8
2020/01/17 22:14:00	2020/01/17 22:15:00	5.0	6	4	37.5	60	1	8
2020/01/17 22:15:00	2020/01/17 22:16:00	5.033333333333333	7	4	23.23076923076923	59	4	13
2020/01/17 22:16:00	2020/01/17 22:17:00	4.933333333333334	6	4	37.0	60	5	8
2020/01/17 22:17:00	2020/01/17 22:18:00	5.0	6	4	27.272727272727273	60	2	11
2020/01/17 22:18:00	2020/01/17 22:19:00	5.016666666666667	6	4	43.0	60	4	7
2020/01/17 22:19:00	2020/01/17 22:20:00	5.066666666666666	6	4	33.77777777777778	60	2	9
2020/01/17 22:20:00	2020/01/17 22:21:00	5.066666666666666	6	5	43.42857142857143	60	2	7
2020/01/17 22:21:00	2020/01/17 22:22:00	5.016666666666667	6	4	37.625	60	1	8
2020/01/17 22:22:00	2020/01/17 22:23:00	4.966666666666667	6	4	29.8	59	5	10
2020/01/17 22:23:00	2020/01/17 22:24:00	5.066666666666666	6	4	30.4	60	5	10
2020/01/17 22:24:00	2020/01/17 22:25:00	5.0	5	5	37.5	60	7	8
2020/01/17 22:25:00	2020/01/17 22:26:00	4.933333333333334	5	4	42.285714285714285	60	7	7
2020/01/17 22:26:00	2020/01/17 22:27:00	5.016666666666667	6	5	37.625	60	4	8
2020/01/17 22:27:00	2020/01/17 22:28:00	5.016666666666667	6	5	43.0	60	4	7
2020/01/17 22:28:00	2020/01/17 22:29:00	4.816666666666666	5	4	36.125	59	6	8
2020/01/17 22:29:00	2020/01/17 22:30:00	5.083333333333333	6	5	38.125	60	5	8
2020/01/17 22:30:00	2020/01/17 22:31:00	4.95	5	4	42.42857142857143	60	1	7
2020/01/17 22:31:00	2020/01/17 22:32:00	5.0	5	5	50.0	60	15	6
2020/01/17 22:32:00	2020/01/17 22:33:00	4.95	5	4	49.5	60	12	6
2020/01/17 22:33:00	2020/01/17 22:34:00	5.0	5	5	50.0	60	7	6
2020/01/17 22:34:00	2020/01/17 22:35:00	4.966666666666667	5	4	37.25	60	8	8
2020/01/17 22:35:00	2020/01/17 22:36:00	4.883333333333334	5	4	48.833333333333336	59	13	6
2020/01/17 22:36:00	2020/01/17 22:37:00	4.983333333333333	5	4	49.833333333333336	60	26	6
2020/01/17 22:37:00	2020/01/17 22:38:00	4.95	5	4	49.5	60	19	6
2020/01/17 22:38:00	2020/01/17 22:39:00	4.916666666666667	6	4	29.5	60	8	10
2020/01/17 22:39:00	2020/01/17 22:40:00	4.95	5	4	49.5	60	9	6
2020/01/17 22:40:00	2020/01/17 22:41:00	4.966666666666667	5	4	49.666666666666664	60	15	6
2020/01/17 22:41:00	2020/01/17 22:42:00	4.933333333333334	6	4	37.0	60	4	8
2020/01/17 22:42:00	2020/01/17 22:43:00	5.0	6	5	50.0	59	5	6
2020/01/17 22:43:00	2020/01/17 22:44:00	4.916666666666667	5	4	36.875	60	1	8
2020/01/17 22:44:00	2020/01/17 22:45:00	4.833333333333333	5	4	36.25	60	8	8
2020/01/17 22:45:00	2020/01/17 22:46:00	4.966666666666667	5	4	37.25	60	5	8
2020/01/17 22:46:00	2020/01/17 22:47:00	5.116666666666666	6	5	43.857142857142854	60	6	7
2020/01/17 22:47:00	2020/01/17 22:48:00	5.0	5	5	50.0	60	4	6
2020/01/17 22:48:00	2020/01/17 22:49:00	4.916666666666667	5	5	59.0	59	59	5
2020/01/17 22:49:00	2020/01/17 22:50:00	4.983333333333333	5	4	49.833333333333336	60	2	6
2020/01/17 22:50:00	2020/01/17 22:51:00	4.966666666666667	5	4	42.57142857142857	60	2	7
2020/01/17 22:51:00	2020/01/17 22:52:00	5.066666666666666	6	4	38.0	60	5	8
2020/01/17 22:52:00	2020/01/17 22:53:00	4.916666666666667	5	4	36.875	60	9	8
2020/01/17 22:53:00	2020/01/17 22:54:00	4.883333333333334	5	4	41.857142857142854	60	15	7
2020/01/17 22:54:00	2020/01/17 22:55:00	5.083333333333333	6	5	50.833333333333336	60	5	6
2020/01/17 22:55:00	2020/01/17 22:56:00	4.866666666666666	5	4	36.5	59	2	8
2020/01/17 22:56:00	2020/01/17 22:57:00	4.85	6	4	26.454545454545453	60	5	11
2020/01/17 22:57:00	2020/01/17 22:58:00	4.933333333333334	5	4	37.0	60	4	8
2020/01/17 22:58:00	2020/01/17 22:59:00	5.033333333333333	6	4	37.75	60	4	8
2020/01/17 22:59:00	2020/01/17 23:00:00	5.033333333333333	6	4	30.2	60	4	10
2020/01/17 23:00:00	2020/01/17 23:01:00	5.05	6	4	33.666666666666664	60	5	9
2020/01/17 23:01:00	2020/01/17 23:02:00	4.983333333333333	5	4	49.833333333333336	60	24	6
2020/01/17 23:02:00	2020/01/17 23:03:00	4.883333333333334	5	4	41.857142857142854	59	2	7
2020/01/17 23:03:00	2020/01/17 23:04:00	5.033333333333333	6	4	33.55555555555556	60	8	9
2020/01/17 23:04:00	2020/01/17 23:05:00	4.833333333333333	6	4	36.25	60	5	8
2020/01/17 23:05:00	2020/01/17 23:06:00	4.966666666666667	6	4	37.25	60	4	8
2020/01/17 23:06:00	2020/01/17 23:07:00	5.0	5	5	60.0	60	60	5
2020/01/17 23:07:00	2020/01/17 23:08:00	5.066666666666666	6	4	30.4	60	3	10
2020/01/17 23:08:00	2020/01/17 23:09:00	4.983333333333333	6	4	27.181818181818183	59	2	11
2020/01/17 23:09:00	2020/01/17 23:10:00	4.966666666666667	6	4	42.57142857142857	60	18	7
2020/01/17 23:10:00	2020/01/17 23:11:00	4.933333333333334	5	4	32.888888888888886	60	7	9
2020/01/17 23:11:00	2020/01/17 23:12:00	4.983333333333333	5	4	42.714285714285715	60	4	7
2020/01/17 23:12:00	2020/01/17 23:13:00	4.966666666666667	5	4	33.111111111111114	60	2	9
2020/01/17 23:13:00	2020/01/17 23:14:00	5.15	6	5	38.625	60	4	8
2020/01/17 23:14:00	2020/01/17 23:15:00	5.083333333333333	6	5	43.57142857142857	60	5	7
2020/01/17 23:15:00	2020/01/17 23:16:00	4.833333333333333	6	3	29.0	59	4	10
2020/01/17 23:16:00	2020/01/17 23:17:00	5.0	5	5	50.0	60	26	6
2020/01/17 23:17:00	2020/01/17 23:18:00	5.083333333333333	6	5	50.833333333333336	60	5	6
2020/01/17 23:18:00	2020/01/17 23:19:00	5.066666666666666	6	4	30.4	60	5	10
2020/01/17 23:19:00	2020/01/17 23:20:00	4.916666666666667	5	4	49.166666666666664	60	23	6
2020/01/17 23:20:00	2020/01/17 23:21:00	5.05	6	4	37.875	60	5	8
2020/01/17 23:21:00	2020/01/17 23:22:00	5.083333333333333	6	4	38.125	60	5	8
2020/01/17 23:22:00	2020/01/17 23:23:00	4.983333333333333	6	4	37.375	59	3	8
2020/01/17 23:23:00	2020/01/17 23:24:00	5.016666666666667	6	4	30.1	60	1	10
